Año,Continente,Pais_Código_alfa-3,Pais_Código_alfa-2,País,Grandes_rubros,Rubros,Valor_F.O.B._(USD),Peso_Neto_(Kg)
2018,África,BFA,BF,Burkina Faso,Productos Primarios,Cereales,6044.33,11912.94
2018,África,BFA,BF,Burkina Faso,Confidencial,Confidencial,177181.2,995400
2018,África,DZA,DZ,Argelia,Productos Primarios,Cereales,109084211.8,602749601.7
2018,África,DZA,DZ,Argelia,Productos Primarios,Semillas y frutos oleaginosos,122061.14,170313.6
2018,África,DZA,DZ,Argelia,Manufacturas De Origen Agropecuario (M.O.A.),Productos lácteos,99874229,34246500
2018,África,DZA,DZ,Argelia,Manufacturas De Origen Agropecuario (M.O.A.),Grasas y aceites,43567237.66,62828000
2018,África,DZA,DZ,Argelia,Manufacturas De Origen Agropecuario (M.O.A.),Residuos y desperdicios de la industria alimenticia,444843011,1173342296
2018,África,DZA,DZ,Argelia,Confidencial,Confidencial,420581.84,325317
2018,África,CMR,CM,Camerún,Productos Primarios,Cereales,268452.55,1465683.57
2018,África,CMR,CM,Camerún,Manufacturas De Origen Agropecuario (M.O.A.),Residuos y desperdicios de la industria alimenticia,20731426.26,54434000
2018,África,COG,CG,Congo,Productos Primarios,Cereales,299307.76,1389819.6
2018,África,COG,CG,Congo,Manufacturas De Origen Agropecuario (M.O.A.),Carnes,275042.45,295132.51
2018,África,COG,CG,Congo,Manufacturas De Origen Agropecuario (M.O.A.),Otros productos de origen animal,411226.23,300522
2018,África,COG,CG,Congo,Confidencial,Confidencial,1571110.76,3976920
2018,África,COD,CD,Rep. Democrática del Congo (ex Zaire),Productos Primarios,Cereales,354489.11,2006550
2018,África,COD,CD,Rep. Democrática del Congo (ex Zaire),Confidencial,Confidencial,1995178.58,7456700
2018,África,CIV,CI,Costa de Marfil,Productos Primarios,Cereales,2230492.75,11996994
2018,África,CIV,CI,Costa de Marfil,Manufacturas De Origen Agropecuario (M.O.A.),Residuos y desperdicios de la industria alimenticia,27135779.29,67554000
2018,África,CIV,CI,Costa de Marfil,Confidencial,Confidencial,457551.25,528784.42
2018,África,BEN,BJ,Benin,Productos Primarios,Cereales,62208.34,121141.8
2018,África,EGY,EG,Egipto,Productos Primarios,Hortalizas y legumbres sin elaborar,251847.7,567720
2018,África,EGY,EG,Egipto,Productos Primarios,Cereales,55713230.25,305257258.1
2018,África,EGY,EG,Egipto,Productos Primarios,Semillas y frutos oleaginosos,36765.09,45755.52
2018,África,EGY,EG,Egipto,Manufacturas De Origen Agropecuario (M.O.A.),Grasas y aceites,77968941.8,109417500
2018,África,EGY,EG,Egipto,Manufacturas De Origen Agropecuario (M.O.A.),Residuos y desperdicios de la industria alimenticia,211499377.4,558106150
2018,África,EGY,EG,Egipto,Confidencial,Confidencial,36410771.2,50441242.79
2018,África,GAB,GA,Gabón,Productos Primarios,Cereales,31930.72,60652.8
2018,África,GAB,GA,Gabón,Manufacturas De Origen Agropecuario (M.O.A.),Carnes,179200.32,68150.29
2018,África,GAB,GA,Gabón,Confidencial,Confidencial,300417,163800
2018,África,GMB,GM,Gambia,Productos Primarios,Cereales,22906.35,45325.8
2018,África,GMB,GM,Gambia,Confidencial,Confidencial,230192.69,1018551.11
2018,África,GHA,GH,Ghana,Productos Primarios,Cereales,634184.05,2690085.06
2018,África,GHA,GH,Ghana,Manufacturas De Origen Agropecuario (M.O.A.),Residuos y desperdicios de la industria alimenticia,20754405.95,53067020
2018,África,GHA,GH,Ghana,Confidencial,Confidencial,225332.51,376349.98
2018,África,GIN,GN,Guinea,Productos Primarios,Cereales,61481.33,123966.18
2018,África,KEN,KE,Kenya,Productos Primarios,Cereales,13021491.05,68397741
2018,África,KEN,KE,Kenya,Confidencial,Confidencial,285902.27,400663.81
2018,África,LBR,LR,Liberia,Productos Primarios,Cereales,60218.37,115291.8
2018,África,LBY,LY,Libia,Productos Primarios,Cereales,75677.83,153239.58
2018,África,LBY,LY,Libia,Productos Primarios,Semillas y frutos oleaginosos,219927.55,298699.2
2018,África,LBY,LY,Libia,Manufacturas De Origen Agropecuario (M.O.A.),Residuos y desperdicios de la industria alimenticia,25551959.34,72734700
2018,África,MDG,MG,Madagascar,Manufacturas De Origen Agropecuario (M.O.A.),Grasas y aceites,6908846.4,10140220
2018,África,MLI,ML,Mali,Productos Primarios,Cereales,631982.83,3180928
2018,África,MAR,MA,Marruecos,Productos Primarios,Cereales,22918157.69,122285849.2
2018,África,MAR,MA,Marruecos,Manufacturas De Origen Agropecuario (M.O.A.),Grasas y aceites,86307813.14,124376000
2018,África,MAR,MA,Marruecos,Manufacturas De Origen Agropecuario (M.O.A.),Residuos y desperdicios de la industria alimenticia,16164108.49,40454035
2018,África,MAR,MA,Marruecos,Confidencial,Confidencial,18107498.22,9749592.71
2018,África,MUS,MU,Mauricio,Productos Primarios,Cereales,2300433.61,13216320
2018,África,MUS,MU,Mauricio,Productos Primarios,Semillas y frutos oleaginosos,13606.08,20592
2018,África,MUS,MU,Mauricio,Confidencial,Confidencial,21957157.53,48362600
2018,África,MRT,MR,Mauritania,Productos Primarios,Cereales,4870534.72,26039978.54
2018,África,NGA,NG,Nigeria,Productos Primarios,Cereales,7765448.04,37493627.15
2018,África,NGA,NG,Nigeria,Confidencial,Confidencial,1436340.98,658910.55
2018,África,SEN,SN,Senegal,Productos Primarios,Hortalizas y legumbres sin elaborar,1027227.78,2768000
2018,África,SEN,SN,Senegal,Productos Primarios,Cereales,9619834.79,50815274.8
2018,África,SEN,SN,Senegal,Confidencial,Confidencial,12003468.5,30091835.4
2018,África,SLE,SL,Sierra Leona,Productos Primarios,Cereales,63992.09,124581.6
2018,África,TZA,TZ,Tanzania,Productos Primarios,Cereales,33523.6,66619.8
2018,África,TZA,TZ,Tanzania,Confidencial,Confidencial,1625236.53,8895877.36
2018,África,TGO,TG,Togo,Productos Primarios,Cereales,30075.08,60284.25
2018,África,TUN,TN,Túnez,Productos Primarios,Cereales,1447616.85,7517484
2018,África,TUN,TN,Túnez,Confidencial,Confidencial,24071292.75,46363557.18
2018,África,UGA,UG,Uganda,Productos Primarios,Cereales,2188844.33,11552802.16
2018,África,UGA,UG,Uganda,Confidencial,Confidencial,500.16,97.92
2018,África,AGO,AO,Angola,Productos Primarios,Cereales,487316.04,1922310
2018,África,AGO,AO,Angola,Confidencial,Confidencial,2414960.58,4022422.36
2018,África,CPV,CV,Cabo Verde,Productos Primarios,Cereales,716806.12,4025034
2018,África,CPV,CV,Cabo Verde,Confidencial,Confidencial,97881,553000
2018,África,MOZ,MZ,Mozambique,Manufacturas De Origen Agropecuario (M.O.A.),Grasas y aceites,45730860.24,65701122.82
2018,África,MOZ,MZ,Mozambique,Confidencial,Confidencial,586847.61,790547.66
2018,África,DJI,DJ,Djibouti,Productos Primarios,Cereales,124977.25,260910
2018,África,ZAF,ZA,Sudáfrica,Productos Primarios,Cereales,2870468.6,14962727.16
2018,África,ZAF,ZA,Sudáfrica,Productos Primarios,Semillas y frutos oleaginosos,34674.02,10499.03
2018,África,ZAF,ZA,Sudáfrica,Manufacturas De Origen Agropecuario (M.O.A.),Carnes,1403733.64,394651.32
2018,África,ZAF,ZA,Sudáfrica,Manufacturas De Origen Agropecuario (M.O.A.),Grasas y aceites,749826.12,1260123.59
2018,África,ZAF,ZA,Sudáfrica,Manufacturas De Origen Agropecuario (M.O.A.),Residuos y desperdicios de la industria alimenticia,127058387.7,321374840
2018,África,ZAF,ZA,Sudáfrica,Manufacturas De Origen Industrial (M.O.I.),Materias plásticas y artificiales,517.79,8.55
2018,África,ZAF,ZA,Sudáfrica,Manufacturas De Origen Industrial (M.O.I.),Metales comunes y sus manufacturas,165323.02,28628.27
2018,África,ZAF,ZA,Sudáfrica,Manufacturas De Origen Industrial (M.O.I.),"Máquinas y aparatos, material eléctrico",2361423.3,175290.89
2018,África,ZAF,ZA,Sudáfrica,Manufacturas De Origen Industrial (M.O.I.),Otras MOI,1828,1128
2018,África,ZAF,ZA,Sudáfrica,Confidencial,Confidencial,35293278.63,48951058.32
2018,África,ETH,ET,Etiopía,Productos Primarios,Cereales,189272.54,375658.92
2018,África,SDN,SD,Sudán,Confidencial,Confidencial,2495866.48,817491.25
2018,América,BOL,BO,Bolivia,Productos Primarios,Pescados y mariscos sin elaborar,4520400,3810000
2018,América,BOL,BO,Bolivia,Productos Primarios,Cereales,4364429.57,17999891.97
2018,América,BOL,BO,Bolivia,Productos Primarios,Semillas y frutos oleaginosos,683598.31,515862.96
2018,América,BOL,BO,Bolivia,Manufacturas De Origen Agropecuario (M.O.A.),Productos lácteos,737821.68,147755.71
2018,América,BOL,BO,Bolivia,Manufacturas De Origen Agropecuario (M.O.A.),Productos de molinería,23638339.63,49576281.68
2018,América,BOL,BO,Bolivia,Manufacturas De Origen Agropecuario (M.O.A.),Resto de MOA,836042.2,260327
2018,América,BOL,BO,Bolivia,Manufacturas De Origen Industrial (M.O.I.),Productos químicos y conexos,21136031.97,6281089.09
2018,América,BOL,BO,Bolivia,Manufacturas De Origen Industrial (M.O.I.),Materias plásticas y artificiales,1523890.82,666258.36
2018,América,BOL,BO,Bolivia,Manufacturas De Origen Industrial (M.O.I.),Cauchos y sus manufacturas,396068.47,118917.25
2018,América,BOL,BO,Bolivia,Manufacturas De Origen Industrial (M.O.I.),"Papel cartón, imprenta y publicaciones",2310008.95,2354079.88
2018,América,BOL,BO,Bolivia,Manufacturas De Origen Industrial (M.O.I.),"Manufacturas de piedra, yeso, etc, productos cerámicos, vidrio y sus manufacturas",10709.95,840.19
2018,América,BOL,BO,Bolivia,Manufacturas De Origen Industrial (M.O.I.),Metales comunes y sus manufacturas,17260201.07,25171204.03
2018,América,BOL,BO,Bolivia,Manufacturas De Origen Industrial (M.O.I.),"Máquinas y aparatos, material eléctrico",7164232.22,826933.65
2018,América,BOL,BO,Bolivia,Manufacturas De Origen Industrial (M.O.I.),Material de transporte terrestre,283953.55,68807.74
2018,América,BOL,BO,Bolivia,Manufacturas De Origen Industrial (M.O.I.),Otras MOI,245040.18,29653.41
2018,América,BOL,BO,Bolivia,Confidencial,Confidencial,4330238.77,4885171.86
2018,América,BRA,BR,Brasil,Productos Primarios,Pescados y mariscos sin elaborar,776340,524000
2018,América,BRA,BR,Brasil,Productos Primarios,Hortalizas y legumbres sin elaborar,3774776.5,12353700
2018,América,BRA,BR,Brasil,Productos Primarios,Cereales,217822882.2,979072236.9
2018,América,BRA,BR,Brasil,Productos Primarios,Semillas y frutos oleaginosos,517420.73,739705.17
2018,América,BRA,BR,Brasil,Productos Primarios,Fibras de algodón,443633.15,265419.05
2018,América,BRA,BR,Brasil,Manufacturas De Origen Agropecuario (M.O.A.),Carnes,17869639.31,2174463.02
2018,América,BRA,BR,Brasil,Manufacturas De Origen Agropecuario (M.O.A.),Productos lácteos,112710130.4,36403921.35
2018,América,BRA,BR,Brasil,Manufacturas De Origen Agropecuario (M.O.A.),Productos de molinería,30480958.52,63967077.4
2018,América,BRA,BR,Brasil,Manufacturas De Origen Agropecuario (M.O.A.),Resto de MOA,972775.82,193378.95
2018,América,BRA,BR,Brasil,Manufacturas De Origen Industrial (M.O.I.),Productos químicos y conexos,39688209.79,31492351
2018,América,BRA,BR,Brasil,Manufacturas De Origen Industrial (M.O.I.),Materias plásticas y artificiales,2956035.98,1612204.58
2018,América,BRA,BR,Brasil,Manufacturas De Origen Industrial (M.O.I.),Cauchos y sus manufacturas,18764344.03,9686721.16
2018,América,BRA,BR,Brasil,Manufacturas De Origen Industrial (M.O.I.),"Papel cartón, imprenta y publicaciones",5042297.3,5689079.96
2018,América,BRA,BR,Brasil,Manufacturas De Origen Industrial (M.O.I.),Textiles y confecciones,7924.82,1127.74
2018,América,BRA,BR,Brasil,Manufacturas De Origen Industrial (M.O.I.),"Manufacturas de piedra, yeso, etc, productos cerámicos, vidrio y sus manufacturas",597781.56,1284115.73
2018,América,BRA,BR,Brasil,Manufacturas De Origen Industrial (M.O.I.),Metales comunes y sus manufacturas,4338303.36,998052.8
2018,América,BRA,BR,Brasil,Manufacturas De Origen Industrial (M.O.I.),"Máquinas y aparatos, material eléctrico",156155130.3,12759370.52
2018,América,BRA,BR,Brasil,Manufacturas De Origen Industrial (M.O.I.),Material de transporte terrestre,17656389.43,3335690.12
2018,América,BRA,BR,Brasil,Manufacturas De Origen Industrial (M.O.I.),Otras MOI,1312761.16,10916.15
2018,América,BRA,BR,Brasil,Combustibles Y Energia,Resto,866327.8,2624140
2018,América,BRA,BR,Brasil,Confidencial,Confidencial,629149340.8,95047478.54
2018,América,CAN,CA,Canadá,Productos Primarios,Miel,36399.26,14385.79
2018,América,CAN,CA,Canadá,Productos Primarios,Cereales,583184.7,1267217.26
2018,América,CAN,CA,Canadá,Manufacturas De Origen Agropecuario (M.O.A.),Productos de molinería,348106.8,105513.76
2018,América,CAN,CA,Canadá,Manufacturas De Origen Industrial (M.O.I.),Metales comunes y sus manufacturas,1525.2,76.23
2018,América,CAN,CA,Canadá,Manufacturas De Origen Industrial (M.O.I.),"Máquinas y aparatos, material eléctrico",80133.22,1893.43
2018,América,CAN,CA,Canadá,Confidencial,Confidencial,27751615.08,37165794.84
2018,América,COL,CO,Colombia,Productos Primarios,Pescados y mariscos sin elaborar,3433580,2633960
2018,América,COL,CO,Colombia,Productos Primarios,Hortalizas y legumbres sin elaborar,795144.74,1213310
2018,América,COL,CO,Colombia,Productos Primarios,Cereales,4468974.89,20231222.55
2018,América,COL,CO,Colombia,Productos Primarios,Semillas y frutos oleaginosos,46835.58,73947.84
2018,América,COL,CO,Colombia,Productos Primarios,Fibras de algodón,311639.76,193625.59
2018,América,COL,CO,Colombia,Manufacturas De Origen Agropecuario (M.O.A.),Grasas y aceites,2272241.78,2940375.42
2018,América,COL,CO,Colombia,Manufacturas De Origen Industrial (M.O.I.),Productos químicos y conexos,8807027.04,4268978.18
2018,América,COL,CO,Colombia,Manufacturas De Origen Industrial (M.O.I.),Materias plásticas y artificiales,111196.61,9463.66
2018,América,COL,CO,Colombia,Manufacturas De Origen Industrial (M.O.I.),Cauchos y sus manufacturas,132245.57,28924.04
2018,América,COL,CO,Colombia,Manufacturas De Origen Industrial (M.O.I.),"Papel cartón, imprenta y publicaciones",24987.93,24542.43
2018,América,COL,CO,Colombia,Manufacturas De Origen Industrial (M.O.I.),Metales comunes y sus manufacturas,555571.51,743938.58
2018,América,COL,CO,Colombia,Manufacturas De Origen Industrial (M.O.I.),"Máquinas y aparatos, material eléctrico",1039754.55,52635.81
2018,América,COL,CO,Colombia,Manufacturas De Origen Industrial (M.O.I.),Material de transporte terrestre,603057.41,97252.97
2018,América,COL,CO,Colombia,Manufacturas De Origen Industrial (M.O.I.),Otras MOI,171341.62,3461.82
2018,América,COL,CO,Colombia,Confidencial,Confidencial,31014608.76,52482143.27
2018,América,CRI,CR,Costa Rica,Productos Primarios,Cereales,902742.57,1778089.57
2018,América,CRI,CR,Costa Rica,Productos Primarios,Semillas y frutos oleaginosos,17459.09,27020.16
2018,América,CRI,CR,Costa Rica,Manufacturas De Origen Industrial (M.O.I.),Productos químicos y conexos,640783.99,147605.17
2018,América,CRI,CR,Costa Rica,Manufacturas De Origen Industrial (M.O.I.),Materias plásticas y artificiales,12414.65,458.98
2018,América,CRI,CR,Costa Rica,Manufacturas De Origen Industrial (M.O.I.),Cauchos y sus manufacturas,6311.2,109.65
2018,América,CRI,CR,Costa Rica,Manufacturas De Origen Industrial (M.O.I.),Metales comunes y sus manufacturas,199397.78,181037.35
2018,América,CRI,CR,Costa Rica,Manufacturas De Origen Industrial (M.O.I.),"Máquinas y aparatos, material eléctrico",21251.5,748.77
2018,América,CRI,CR,Costa Rica,Manufacturas De Origen Industrial (M.O.I.),Otras MOI,5146.15,49.85
2018,América,CRI,CR,Costa Rica,Confidencial,Confidencial,417650.63,324313.04
2018,América,CUB,CU,Cuba,Productos Primarios,Cereales,13619125.02,74621664
2018,América,CUB,CU,Cuba,Manufacturas De Origen Industrial (M.O.I.),"Máquinas y aparatos, material eléctrico",377993.06,32694.91
2018,América,CUB,CU,Cuba,Confidencial,Confidencial,40243264.34,99452086.63
2018,América,CHL,CL,Chile,Productos Primarios,Hortalizas y legumbres sin elaborar,522321.81,1199386.35
2018,América,CHL,CL,Chile,Productos Primarios,Cereales,62929217.48,328130407.7
2018,América,CHL,CL,Chile,Productos Primarios,Semillas y frutos oleaginosos,5526520.31,14460427.84
2018,América,CHL,CL,Chile,Manufacturas De Origen Agropecuario (M.O.A.),Carnes,32077519.56,5771233.43
2018,América,CHL,CL,Chile,Manufacturas De Origen Agropecuario (M.O.A.),Productos lácteos,34882839.74,9220137.06
2018,América,CHL,CL,Chile,Manufacturas De Origen Agropecuario (M.O.A.),Productos de molinería,2354516.18,2685781.76
2018,América,CHL,CL,Chile,Manufacturas De Origen Agropecuario (M.O.A.),Grasas y aceites,89630064.23,102516602.6
2018,América,CHL,CL,Chile,Manufacturas De Origen Agropecuario (M.O.A.),Residuos y desperdicios de la industria alimenticia,50396186.19,130051980.6
2018,América,CHL,CL,Chile,Manufacturas De Origen Agropecuario (M.O.A.),Pieles y cueros,103788.73,12843.9
2018,América,CHL,CL,Chile,Manufacturas De Origen Agropecuario (M.O.A.),Resto de MOA,1571898.12,1300085.6
2018,América,CHL,CL,Chile,Manufacturas De Origen Industrial (M.O.I.),Productos químicos y conexos,31228590.28,38609598.09
2018,América,CHL,CL,Chile,Manufacturas De Origen Industrial (M.O.I.),Materias plásticas y artificiales,2384971.31,1066664.33
2018,América,CHL,CL,Chile,Manufacturas De Origen Industrial (M.O.I.),Cauchos y sus manufacturas,2338668.42,788798.46
2018,América,CHL,CL,Chile,Manufacturas De Origen Industrial (M.O.I.),"Papel cartón, imprenta y publicaciones",14016911.03,11426640.62
2018,América,CHL,CL,Chile,Manufacturas De Origen Industrial (M.O.I.),"Manufacturas de piedra, yeso, etc, productos cerámicos, vidrio y sus manufacturas",36300.14,6494.18
2018,América,CHL,CL,Chile,Manufacturas De Origen Industrial (M.O.I.),Metales comunes y sus manufacturas,6187611.67,6887752.2
2018,América,CHL,CL,Chile,Manufacturas De Origen Industrial (M.O.I.),"Máquinas y aparatos, material eléctrico",11286702.86,950300.95
2018,América,CHL,CL,Chile,Manufacturas De Origen Industrial (M.O.I.),Material de transporte terrestre,3374759.97,401569.43
2018,América,CHL,CL,Chile,Manufacturas De Origen Industrial (M.O.I.),Otras MOI,924919.43,36620.95
2018,América,CHL,CL,Chile,Confidencial,Confidencial,45420179.95,51763243.66
2018,América,DOM,DO,República Dominicana,Productos Primarios,Cereales,1876872.27,8750627.61
2018,América,DOM,DO,República Dominicana,Productos Primarios,Semillas y frutos oleaginosos,25449.05,42435.65
2018,América,DOM,DO,República Dominicana,Manufacturas De Origen Industrial (M.O.I.),Productos químicos y conexos,1360807.33,80363.88
2018,América,DOM,DO,República Dominicana,Manufacturas De Origen Industrial (M.O.I.),"Papel cartón, imprenta y publicaciones",195.91,13.5
2018,América,DOM,DO,República Dominicana,Manufacturas De Origen Industrial (M.O.I.),"Máquinas y aparatos, material eléctrico",1239004.21,237482.26
2018,América,DOM,DO,República Dominicana,Confidencial,Confidencial,5266671.67,7889216.34
2018,América,ECU,EC,Ecuador,Productos Primarios,Cereales,5536210.58,27962816.17
2018,América,ECU,EC,Ecuador,Productos Primarios,Semillas y frutos oleaginosos,116563.78,144194.3
2018,América,ECU,EC,Ecuador,Manufacturas De Origen Agropecuario (M.O.A.),Residuos y desperdicios de la industria alimenticia,92714341.89,240349455
2018,América,ECU,EC,Ecuador,Manufacturas De Origen Industrial (M.O.I.),Productos químicos y conexos,2345509.33,2211425.51
2018,América,ECU,EC,Ecuador,Manufacturas De Origen Industrial (M.O.I.),Materias plásticas y artificiales,65834.74,15954.94
2018,América,ECU,EC,Ecuador,Manufacturas De Origen Industrial (M.O.I.),Cauchos y sus manufacturas,684620.92,170833.87
2018,América,ECU,EC,Ecuador,Manufacturas De Origen Industrial (M.O.I.),"Papel cartón, imprenta y publicaciones",53260.03,51245.43
2018,América,ECU,EC,Ecuador,Manufacturas De Origen Industrial (M.O.I.),"Manufacturas de piedra, yeso, etc, productos cerámicos, vidrio y sus manufacturas",34836.3,44706.28
2018,América,ECU,EC,Ecuador,Manufacturas De Origen Industrial (M.O.I.),Metales comunes y sus manufacturas,189145.49,12446.08
2018,América,ECU,EC,Ecuador,Manufacturas De Origen Industrial (M.O.I.),"Máquinas y aparatos, material eléctrico",1723976.14,57470.96
2018,América,ECU,EC,Ecuador,Manufacturas De Origen Industrial (M.O.I.),Material de transporte terrestre,695612.41,131055.07
2018,América,ECU,EC,Ecuador,Manufacturas De Origen Industrial (M.O.I.),Otras MOI,7448.79,59.05
2018,América,ECU,EC,Ecuador,Confidencial,Confidencial,6926013.4,11027931.29
2018,América,SLV,SV,El Salvador,Productos Primarios,Cereales,53397.1,102181.08
2018,América,SLV,SV,El Salvador,Productos Primarios,Semillas y frutos oleaginosos,27252.24,48128.83
2018,América,SLV,SV,El Salvador,Manufacturas De Origen Industrial (M.O.I.),Materias plásticas y artificiales,11365.62,148.41
2018,América,SLV,SV,El Salvador,Manufacturas De Origen Industrial (M.O.I.),"Máquinas y aparatos, material eléctrico",103531.7,3472.49
2018,América,SLV,SV,El Salvador,Confidencial,Confidencial,375077.86,24550.75
2018,América,USA,US,Estados Unidos,Productos Primarios,Miel,13045430.73,5587844.1
2018,América,USA,US,Estados Unidos,Productos Primarios,Hortalizas y legumbres sin elaborar,1036043.37,2497570
2018,América,USA,US,Estados Unidos,Productos Primarios,Cereales,8590801.09,21398233.72
2018,América,USA,US,Estados Unidos,Productos Primarios,Semillas y frutos oleaginosos,7742782.88,12321665.97
2018,América,USA,US,Estados Unidos,Manufacturas De Origen Agropecuario (M.O.A.),Productos de molinería,449995.89,139457.6
2018,América,USA,US,Estados Unidos,Manufacturas De Origen Agropecuario (M.O.A.),Grasas y aceites,339793.69,50303.7
2018,América,USA,US,Estados Unidos,Manufacturas De Origen Agropecuario (M.O.A.),Pieles y cueros,8929391.43,831108.51
2018,América,USA,US,Estados Unidos,Manufacturas De Origen Agropecuario (M.O.A.),Resto de MOA,137828.43,43109.81
2018,América,USA,US,Estados Unidos,Manufacturas De Origen Industrial (M.O.I.),Productos químicos y conexos,17435759.12,23762200.02
2018,América,USA,US,Estados Unidos,Manufacturas De Origen Industrial (M.O.I.),Materias plásticas y artificiales,191116.45,51855.23
2018,América,USA,US,Estados Unidos,Manufacturas De Origen Industrial (M.O.I.),Cauchos y sus manufacturas,33793.73,1219.42
2018,América,USA,US,Estados Unidos,Manufacturas De Origen Industrial (M.O.I.),"Manufacturas de cuero, marroquinería, etc.",2926514.56,178415.18
2018,América,USA,US,Estados Unidos,Manufacturas De Origen Industrial (M.O.I.),Metales comunes y sus manufacturas,13522917.9,5978862.59
2018,América,USA,US,Estados Unidos,Manufacturas De Origen Industrial (M.O.I.),"Máquinas y aparatos, material eléctrico",30794877.76,1427383.11
2018,América,USA,US,Estados Unidos,Manufacturas De Origen Industrial (M.O.I.),Material de transporte terrestre,3553376.58,524412.81
2018,América,USA,US,Estados Unidos,Manufacturas De Origen Industrial (M.O.I.),Otras MOI,2529450.42,421116.12
2018,América,USA,US,Estados Unidos,Confidencial,Confidencial,43971373.81,13237203.83
2018,América,GTM,GT,Guatemala,Productos Primarios,Cereales,53126.1,50930.59
2018,América,GTM,GT,Guatemala,Productos Primarios,Semillas y frutos oleaginosos,40679.93,67687.78
2018,América,GTM,GT,Guatemala,Manufacturas De Origen Industrial (M.O.I.),Productos químicos y conexos,228396.22,6825.8
2018,América,GTM,GT,Guatemala,Manufacturas De Origen Industrial (M.O.I.),Cauchos y sus manufacturas,638.24,30.86
2018,América,GTM,GT,Guatemala,Manufacturas De Origen Industrial (M.O.I.),"Máquinas y aparatos, material eléctrico",15749.63,1497.17
2018,América,GTM,GT,Guatemala,Confidencial,Confidencial,12146445.78,16377919.64
2018,América,GUY,GY,Guyana,Confidencial,Confidencial,1933029.2,2591956.86
2018,América,HTI,HT,Haití,Confidencial,Confidencial,141547.5,347625
2018,América,HND,HN,Honduras,Productos Primarios,Cereales,73540.73,119431.92
2018,América,HND,HN,Honduras,Productos Primarios,Semillas y frutos oleaginosos,26562.35,44153.09
2018,América,HND,HN,Honduras,Manufacturas De Origen Industrial (M.O.I.),Productos químicos y conexos,299775.72,166912.99
2018,América,HND,HN,Honduras,Manufacturas De Origen Industrial (M.O.I.),Materias plásticas y artificiales,3350.52,172.44
2018,América,HND,HN,Honduras,Manufacturas De Origen Industrial (M.O.I.),Metales comunes y sus manufacturas,620.62,173.51
2018,América,HND,HN,Honduras,Manufacturas De Origen Industrial (M.O.I.),"Máquinas y aparatos, material eléctrico",162365.74,11035.67
2018,América,HND,HN,Honduras,Manufacturas De Origen Industrial (M.O.I.),Otras MOI,13826.22,160.14
2018,América,HND,HN,Honduras,Confidencial,Confidencial,330685.22,219991.02
2018,América,JAM,JM,Jamaica,Confidencial,Confidencial,1486.49,3042
2018,América,MEX,MX,México,Productos Primarios,Cereales,1890823.86,4364552.41
2018,América,MEX,MX,México,Productos Primarios,Semillas y frutos oleaginosos,383531.69,592318.04
2018,América,MEX,MX,México,Manufacturas De Origen Industrial (M.O.I.),Productos químicos y conexos,26476695.52,22944693.74
2018,América,MEX,MX,México,Manufacturas De Origen Industrial (M.O.I.),Materias plásticas y artificiales,273613.09,69433.82
2018,América,MEX,MX,México,Manufacturas De Origen Industrial (M.O.I.),Cauchos y sus manufacturas,20876.76,687.41
2018,América,MEX,MX,México,Manufacturas De Origen Industrial (M.O.I.),"Papel cartón, imprenta y publicaciones",1024.91,133.56
2018,América,MEX,MX,México,Manufacturas De Origen Industrial (M.O.I.),Metales comunes y sus manufacturas,4054747.71,636113.35
2018,América,MEX,MX,México,Manufacturas De Origen Industrial (M.O.I.),"Máquinas y aparatos, material eléctrico",19833837.72,807848.35
2018,América,MEX,MX,México,Manufacturas De Origen Industrial (M.O.I.),Material de transporte terrestre,1387950.93,209141.21
2018,América,MEX,MX,México,Manufacturas De Origen Industrial (M.O.I.),Otras MOI,943674.25,22461.13
2018,América,MEX,MX,México,Confidencial,Confidencial,14695044.94,13436797.6
2018,América,NIC,NI,Nicaragua,Productos Primarios,Cereales,8964.77,18270.72
2018,América,NIC,NI,Nicaragua,Manufacturas De Origen Industrial (M.O.I.),Productos químicos y conexos,1889726.16,81959.11
2018,América,NIC,NI,Nicaragua,Manufacturas De Origen Industrial (M.O.I.),"Máquinas y aparatos, material eléctrico",326147.71,29524.34
2018,América,NIC,NI,Nicaragua,Confidencial,Confidencial,402287.57,148562.35
2018,América,PAN,PA,Panamá,Productos Primarios,Cereales,22481.92,40941.11
2018,América,PAN,PA,Panamá,Productos Primarios,Semillas y frutos oleaginosos,36798.15,60529.54
2018,América,PAN,PA,Panamá,Manufacturas De Origen Agropecuario (M.O.A.),Grasas y aceites,1684354.2,2303614.76
2018,América,PAN,PA,Panamá,Manufacturas De Origen Industrial (M.O.I.),Productos químicos y conexos,570586.96,1203737.4
2018,América,PAN,PA,Panamá,Manufacturas De Origen Industrial (M.O.I.),Materias plásticas y artificiales,27277.64,1042.6
2018,América,PAN,PA,Panamá,Manufacturas De Origen Industrial (M.O.I.),Cauchos y sus manufacturas,69964.69,15954.59
2018,América,PAN,PA,Panamá,Manufacturas De Origen Industrial (M.O.I.),Metales comunes y sus manufacturas,22228.17,2939.59
2018,América,PAN,PA,Panamá,Manufacturas De Origen Industrial (M.O.I.),"Máquinas y aparatos, material eléctrico",1310800.41,156094.98
2018,América,PAN,PA,Panamá,Manufacturas De Origen Industrial (M.O.I.),Otras MOI,875.58,4.37
2018,América,PAN,PA,Panamá,Confidencial,Confidencial,1943192.69,665900.82
2018,América,PRY,PY,Paraguay,Productos Primarios,Animales Vivos,183410,10780
2018,América,PRY,PY,Paraguay,Productos Primarios,Hortalizas y legumbres sin elaborar,35942.14,429772.46
2018,América,PRY,PY,Paraguay,Productos Primarios,Cereales,1349008.71,418556.59
2018,América,PRY,PY,Paraguay,Productos Primarios,Semillas y frutos oleaginosos,902407.07,279662.44
2018,América,PRY,PY,Paraguay,Productos Primarios,Resto de productos primarios,137702.9,310317.06
2018,América,PRY,PY,Paraguay,Manufacturas De Origen Agropecuario (M.O.A.),Carnes,892445.84,254410.68
2018,América,PRY,PY,Paraguay,Manufacturas De Origen Agropecuario (M.O.A.),Productos lácteos,13609701.82,3610503.08
2018,América,PRY,PY,Paraguay,Manufacturas De Origen Agropecuario (M.O.A.),Otros productos de origen animal,4836718.8,4837470.92
2018,América,PRY,PY,Paraguay,Manufacturas De Origen Agropecuario (M.O.A.),Productos de molinería,4698325.03,1728523.76
2018,América,PRY,PY,Paraguay,Manufacturas De Origen Agropecuario (M.O.A.),Grasas y aceites,10715585.6,9926444.04
2018,América,PRY,PY,Paraguay,Manufacturas De Origen Agropecuario (M.O.A.),"Preparados de legumbres, hortalizas y frutas",449551.1,236734.84
2018,América,PRY,PY,Paraguay,Manufacturas De Origen Agropecuario (M.O.A.),"Bebidas, líquidos alcohólicos y vinagre",2131099.92,2330629.73
2018,América,PRY,PY,Paraguay,Manufacturas De Origen Agropecuario (M.O.A.),Residuos y desperdicios de la industria alimenticia,403153.5,701094
2018,América,PRY,PY,Paraguay,Manufacturas De Origen Agropecuario (M.O.A.),Extractos curtientes y tintóreos,1592.58,145.78
2018,América,PRY,PY,Paraguay,Manufacturas De Origen Agropecuario (M.O.A.),Resto de MOA,1128832.78,154757.24
2018,América,PRY,PY,Paraguay,Manufacturas De Origen Industrial (M.O.I.),Productos químicos y conexos,18313904.27,5915328.59
2018,América,PRY,PY,Paraguay,Manufacturas De Origen Industrial (M.O.I.),Materias plásticas y artificiales,2262932.28,945640.43
2018,América,PRY,PY,Paraguay,Manufacturas De Origen Industrial (M.O.I.),Cauchos y sus manufacturas,169119.75,20356.67
2018,América,PRY,PY,Paraguay,Manufacturas De Origen Industrial (M.O.I.),"Papel cartón, imprenta y publicaciones",966651.37,889594.9
2018,América,PRY,PY,Paraguay,Manufacturas De Origen Industrial (M.O.I.),Textiles y confecciones,45715.05,4730.22
2018,América,PRY,PY,Paraguay,Manufacturas De Origen Industrial (M.O.I.),"Manufacturas de piedra, yeso, etc, productos cerámicos, vidrio y sus manufacturas",25299.13,29661.82
2018,América,PRY,PY,Paraguay,Manufacturas De Origen Industrial (M.O.I.),Metales comunes y sus manufacturas,4942367.2,2847059.63
2018,América,PRY,PY,Paraguay,Manufacturas De Origen Industrial (M.O.I.),"Máquinas y aparatos, material eléctrico",19398555.3,1965561.44
2018,América,PRY,PY,Paraguay,Manufacturas De Origen Industrial (M.O.I.),Material de transporte terrestre,1933527.93,443177.35
2018,América,PRY,PY,Paraguay,Manufacturas De Origen Industrial (M.O.I.),Otras MOI,336685.72,26857.24
2018,América,PRY,PY,Paraguay,Combustibles Y Energia,Resto,1298998.3,1433185
2018,América,PRY,PY,Paraguay,Confidencial,Confidencial,82639664.78,125118159.8
2018,América,PER,PE,Perú,Productos Primarios,Cereales,20278123.23,99270938.45
2018,América,PER,PE,Perú,Productos Primarios,Semillas y frutos oleaginosos,42210.12,51297.6
2018,América,PER,PE,Perú,Manufacturas De Origen Agropecuario (M.O.A.),Carnes,2220971.62,1165443.73
2018,América,PER,PE,Perú,Manufacturas De Origen Agropecuario (M.O.A.),Productos lácteos,12924487.35,3942542.22
2018,América,PER,PE,Perú,Manufacturas De Origen Agropecuario (M.O.A.),Grasas y aceites,230420858.7,328721617
2018,América,PER,PE,Perú,Manufacturas De Origen Agropecuario (M.O.A.),Resto de MOA,299777.86,64524.61
2018,América,PER,PE,Perú,Manufacturas De Origen Industrial (M.O.I.),Productos químicos y conexos,5103429.21,3659673.35
2018,América,PER,PE,Perú,Manufacturas De Origen Industrial (M.O.I.),Materias plásticas y artificiales,796839.68,282959.93
2018,América,PER,PE,Perú,Manufacturas De Origen Industrial (M.O.I.),Cauchos y sus manufacturas,48424.97,18202.84
2018,América,PER,PE,Perú,Manufacturas De Origen Industrial (M.O.I.),"Papel cartón, imprenta y publicaciones",20257.52,1751.31
2018,América,PER,PE,Perú,Manufacturas De Origen Industrial (M.O.I.),Textiles y confecciones,16086.42,1275.14
2018,América,PER,PE,Perú,Manufacturas De Origen Industrial (M.O.I.),Metales comunes y sus manufacturas,367701.92,36277.95
2018,América,PER,PE,Perú,Manufacturas De Origen Industrial (M.O.I.),"Máquinas y aparatos, material eléctrico",5106060.67,374812.08
2018,América,PER,PE,Perú,Manufacturas De Origen Industrial (M.O.I.),Material de transporte terrestre,145569.45,18076.05
2018,América,PER,PE,Perú,Manufacturas De Origen Industrial (M.O.I.),Otras MOI,10385.14,477.03
2018,América,PER,PE,Perú,Confidencial,Confidencial,42123411.43,75679310.01
2018,América,PRI,PR,Puerto Rico,Manufacturas De Origen Industrial (M.O.I.),"Máquinas y aparatos, material eléctrico",101066.9,1413.02
2018,América,PRI,PR,Puerto Rico,Confidencial,Confidencial,2330239.02,6367812
2018,América,TTO,TT,Trinidad y Tobago,Productos Primarios,Hortalizas y legumbres sin elaborar,167904.76,194770
2018,América,TTO,TT,Trinidad y Tobago,Productos Primarios,Cereales,16519.85,32618.9
2018,América,TTO,TT,Trinidad y Tobago,Productos Primarios,Semillas y frutos oleaginosos,25910.1,38664.96
2018,América,TTO,TT,Trinidad y Tobago,Confidencial,Confidencial,336110.18,106627.83
2018,América,URY,UY,Uruguay,Productos Primarios,Hortalizas y legumbres sin elaborar,204767.6,175925
2018,América,URY,UY,Uruguay,Productos Primarios,Cereales,7941665.87,30255680.86
2018,América,URY,UY,Uruguay,Productos Primarios,Semillas y frutos oleaginosos,2321030.39,2422279.18
2018,América,URY,UY,Uruguay,Productos Primarios,Resto de productos primarios,66842.52,131093
2018,América,URY,UY,Uruguay,Manufacturas De Origen Agropecuario (M.O.A.),Productos lácteos,2986963.06,764627.12
2018,América,URY,UY,Uruguay,Manufacturas De Origen Agropecuario (M.O.A.),Productos de molinería,1287772.43,571525.8
2018,América,URY,UY,Uruguay,Manufacturas De Origen Agropecuario (M.O.A.),Grasas y aceites,7374338.17,9862365.92
2018,América,URY,UY,Uruguay,Manufacturas De Origen Agropecuario (M.O.A.),Azúcar y artículos de confitería,504006.74,171109.4
2018,América,URY,UY,Uruguay,Manufacturas De Origen Agropecuario (M.O.A.),"Bebidas, líquidos alcohólicos y vinagre",4603257.49,6820606.96
2018,América,URY,UY,Uruguay,Manufacturas De Origen Agropecuario (M.O.A.),Residuos y desperdicios de la industria alimenticia,15433938.87,102187753.7
2018,América,URY,UY,Uruguay,Manufacturas De Origen Agropecuario (M.O.A.),Extractos curtientes y tintóreos,84428.29,48812
2018,América,URY,UY,Uruguay,Manufacturas De Origen Agropecuario (M.O.A.),Pieles y cueros,16520757.77,893398.73
2018,América,URY,UY,Uruguay,Manufacturas De Origen Agropecuario (M.O.A.),Resto de MOA,669396.6,254178.06
2018,América,URY,UY,Uruguay,Manufacturas De Origen Industrial (M.O.I.),Productos químicos y conexos,29025432.09,12610094.73
2018,América,URY,UY,Uruguay,Manufacturas De Origen Industrial (M.O.I.),Materias plásticas y artificiales,2760256.31,1091929.08
2018,América,URY,UY,Uruguay,Manufacturas De Origen Industrial (M.O.I.),Cauchos y sus manufacturas,385287.25,58222.43
2018,América,URY,UY,Uruguay,Manufacturas De Origen Industrial (M.O.I.),"Manufacturas de cuero, marroquinería, etc.",16748.4,963.26
2018,América,URY,UY,Uruguay,Manufacturas De Origen Industrial (M.O.I.),"Papel cartón, imprenta y publicaciones",7436292.34,8043603.19
2018,América,URY,UY,Uruguay,Manufacturas De Origen Industrial (M.O.I.),Textiles y confecciones,44982.62,5396.64
2018,América,URY,UY,Uruguay,Manufacturas De Origen Industrial (M.O.I.),"Manufacturas de piedra, yeso, etc, productos cerámicos, vidrio y sus manufacturas",498753.86,1373410.67
2018,América,URY,UY,Uruguay,Manufacturas De Origen Industrial (M.O.I.),Metales comunes y sus manufacturas,10859090.99,13041402.67
2018,América,URY,UY,Uruguay,Manufacturas De Origen Industrial (M.O.I.),"Máquinas y aparatos, material eléctrico",9259637.96,936992.07
2018,América,URY,UY,Uruguay,Manufacturas De Origen Industrial (M.O.I.),Material de transporte terrestre,1958299.64,406405.51
2018,América,URY,UY,Uruguay,Manufacturas De Origen Industrial (M.O.I.),Otras MOI,1947000.1,475721.6
2018,América,URY,UY,Uruguay,Confidencial,Confidencial,5586913.51,7460012.14
2018,América,VEN,VE,Venezuela,Productos Primarios,Cereales,808596.12,3782559.69
2018,América,VEN,VE,Venezuela,Productos Primarios,Semillas y frutos oleaginosos,352844.55,25939.58
2018,América,VEN,VE,Venezuela,Manufacturas De Origen Agropecuario (M.O.A.),Grasas y aceites,96684732.08,133687300
2018,América,VEN,VE,Venezuela,Manufacturas De Origen Agropecuario (M.O.A.),Residuos y desperdicios de la industria alimenticia,66506025.97,169092930
2018,América,VEN,VE,Venezuela,Manufacturas De Origen Industrial (M.O.I.),Productos químicos y conexos,287626.83,406460
2018,América,VEN,VE,Venezuela,Manufacturas De Origen Industrial (M.O.I.),Metales comunes y sus manufacturas,27073.56,168.08
2018,América,VEN,VE,Venezuela,Manufacturas De Origen Industrial (M.O.I.),"Máquinas y aparatos, material eléctrico",1023177.27,39915.13
2018,América,VEN,VE,Venezuela,Manufacturas De Origen Industrial (M.O.I.),Material de transporte terrestre,23871.4,3584.04
2018,América,VEN,VE,Venezuela,Manufacturas De Origen Industrial (M.O.I.),Otras MOI,804.1,403.59
2018,América,VEN,VE,Venezuela,Confidencial,Confidencial,12162768,10495504.22
2018,América,SUR,SR,Suriname,Productos Primarios,Semillas y frutos oleaginosos,7928.51,11946.43
2018,América,ANT,AN,Antillas Holandesas,Confidencial,Confidencial,13182362.64,33346799.65
2018,Asia,SAU,SA,Arabia Saudita,Productos Primarios,Miel,442494.68,168236.1
2018,Asia,SAU,SA,Arabia Saudita,Productos Primarios,Cereales,38182741.64,211862598.6
2018,Asia,SAU,SA,Arabia Saudita,Productos Primarios,Semillas y frutos oleaginosos,30808.72,44439.36
2018,Asia,SAU,SA,Arabia Saudita,Manufacturas De Origen Agropecuario (M.O.A.),Residuos y desperdicios de la industria alimenticia,149512069.4,445528653.7
2018,Asia,SAU,SA,Arabia Saudita,Confidencial,Confidencial,8000889.48,8865272.19
2018,Asia,BHR,BH,Bahrein,Productos Primarios,Cereales,485449.03,2835307.8
2018,Asia,BHR,BH,Bahrein,Manufacturas De Origen Industrial (M.O.I.),Productos químicos y conexos,173578.36,2127.36
2018,Asia,BHR,BH,Bahrein,Confidencial,Confidencial,412297.84,174164.63
2018,Asia,LKA,LK,Sri Lanka,Confidencial,Confidencial,122150.48,137435
2018,Asia,KOR,KR,Corea Republicana,Productos Primarios,Cereales,12495254.02,72112980.42
2018,Asia,KOR,KR,Corea Republicana,Confidencial,Confidencial,1368217.39,444400.14
2018,Asia,CHN,CN,China,Productos Primarios,Semillas y frutos oleaginosos,233752551.3,604252538.2
2018,Asia,CHN,CN,China,Productos Primarios,Fibras de algodón,277944.17,181565.23
2018,Asia,CHN,CN,China,Manufacturas De Origen Agropecuario (M.O.A.),Carnes,329627373.7,79399017.66
2018,Asia,CHN,CN,China,Manufacturas De Origen Agropecuario (M.O.A.),Grasas y aceites,79650598.19,143758670
2018,Asia,CHN,CN,China,Manufacturas De Origen Agropecuario (M.O.A.),Pieles y cueros,31240252.12,11043302.91
2018,Asia,CHN,CN,China,Manufacturas De Origen Industrial (M.O.I.),Productos químicos y conexos,463145.08,3798
2018,Asia,CHN,CN,China,Manufacturas De Origen Industrial (M.O.I.),"Máquinas y aparatos, material eléctrico",271945.22,18499.41
2018,Asia,CHN,CN,China,Manufacturas De Origen Industrial (M.O.I.),Material de transporte terrestre,8780.65,111.38
2018,Asia,CHN,CN,China,Confidencial,Confidencial,26060151.6,39450685.57
2018,Asia,PHL,PH,Filipinas,Productos Primarios,Cereales,1407546.08,6895507.32
2018,Asia,PHL,PH,Filipinas,Productos Primarios,Semillas y frutos oleaginosos,25850.27,39402.24
2018,Asia,PHL,PH,Filipinas,Manufacturas De Origen Agropecuario (M.O.A.),Residuos y desperdicios de la industria alimenticia,214894647.7,565883930
2018,Asia,PHL,PH,Filipinas,Confidencial,Confidencial,4369650.48,3899160.82
2018,Asia,TWN,TW,Taiwan,Productos Primarios,Cereales,2621836.6,16031932.75
2018,Asia,TWN,TW,Taiwan,Productos Primarios,Semillas y frutos oleaginosos,15890.98,23493.89
2018,Asia,TWN,TW,Taiwan,Productos Primarios,Fibras de algodón,460239.9,288276.3
2018,Asia,TWN,TW,Taiwan,Manufacturas De Origen Agropecuario (M.O.A.),Productos lácteos,11865893.95,2992180.18
2018,Asia,TWN,TW,Taiwan,Manufacturas De Origen Agropecuario (M.O.A.),Pieles y cueros,2220067.7,1614801.96
2018,Asia,TWN,TW,Taiwan,Confidencial,Confidencial,727151.88,1628721.12
2018,Asia,IND,IN,India,Productos Primarios,Hortalizas y legumbres sin elaborar,1236234.34,5476800
2018,Asia,IND,IN,India,Productos Primarios,Cereales,418455.4,859370.42
2018,Asia,IND,IN,India,Manufacturas De Origen Agropecuario (M.O.A.),Grasas y aceites,949513885.6,1365942834
2018,Asia,IND,IN,India,Manufacturas De Origen Agropecuario (M.O.A.),Pieles y cueros,12036990.26,1276747.92
2018,Asia,IND,IN,India,Manufacturas De Origen Industrial (M.O.I.),Productos químicos y conexos,6096917.82,8346109.24
2018,Asia,IND,IN,India,Confidencial,Confidencial,8315404.21,19532778.26
2018,Asia,IDN,ID,Indonesia,Productos Primarios,Cereales,33251768.03,176898797.9
2018,Asia,IDN,ID,Indonesia,Productos Primarios,Fibras de algodón,3942699.81,2473282.73
2018,Asia,IDN,ID,Indonesia,Manufacturas De Origen Agropecuario (M.O.A.),Residuos y desperdicios de la industria alimenticia,556930763.4,1441500515
2018,Asia,IDN,ID,Indonesia,Manufacturas De Origen Agropecuario (M.O.A.),Pieles y cueros,813088.57,267658.8
2018,Asia,IDN,ID,Indonesia,Confidencial,Confidencial,5634559.56,2199696.55
2018,Asia,IRQ,IQ,Iraq,Productos Primarios,Cereales,7681716.67,29949825.87
2018,Asia,IRQ,IQ,Iraq,Manufacturas De Origen Agropecuario (M.O.A.),Residuos y desperdicios de la industria alimenticia,101493831.6,263938440
2018,Asia,IRQ,IQ,Iraq,Confidencial,Confidencial,130995.88,20485.17
2018,Asia,IRN,IR,Irán,Confidencial,Confidencial,215609242.9,463090005.2
2018,Asia,ISR,IL,Israel,Productos Primarios,Cereales,5470.64,12051
2018,Asia,ISR,IL,Israel,Productos Primarios,Semillas y frutos oleaginosos,21075.74,22773.12
2018,Asia,ISR,IL,Israel,Manufacturas De Origen Agropecuario (M.O.A.),Carnes,39016535.29,5514692.05
2018,Asia,ISR,IL,Israel,Manufacturas De Origen Agropecuario (M.O.A.),Grasas y aceites,307847.76,235093.59
2018,Asia,ISR,IL,Israel,Manufacturas De Origen Agropecuario (M.O.A.),Residuos y desperdicios de la industria alimenticia,25719347.47,69486745
2018,Asia,ISR,IL,Israel,Confidencial,Confidencial,726656.19,184560.46
2018,Asia,JPN,JP,Japón,Productos Primarios,Miel,1631626.87,588750.56
2018,Asia,JPN,JP,Japón,Productos Primarios,Cereales,4608137.94,32328582.09
2018,Asia,JPN,JP,Japón,Productos Primarios,Semillas y frutos oleaginosos,25150.67,125218.6
2018,Asia,JPN,JP,Japón,Productos Primarios,Fibras de algodón,141413.97,83913.83
2018,Asia,JPN,JP,Japón,Confidencial,Confidencial,30925714.84,33630547.09
2018,Asia,JOR,JO,Jordania,Productos Primarios,Hortalizas y legumbres sin elaborar,112157.93,168270
2018,Asia,JOR,JO,Jordania,Productos Primarios,Cereales,9350688.4,51683654.88
2018,Asia,JOR,JO,Jordania,Manufacturas De Origen Agropecuario (M.O.A.),Residuos y desperdicios de la industria alimenticia,92192608.77,247321679.7
2018,Asia,JOR,JO,Jordania,Confidencial,Confidencial,863397.68,251755.56
2018,Asia,QAT,QA,Qatar,Productos Primarios,Cereales,13852.62,28314
2018,Asia,QAT,QA,Qatar,Productos Primarios,Semillas y frutos oleaginosos,7260.55,9692.16
2018,Asia,QAT,QA,Qatar,Manufacturas De Origen Industrial (M.O.I.),Productos químicos y conexos,342580.32,10950.57
2018,Asia,QAT,QA,Qatar,Manufacturas De Origen Industrial (M.O.I.),"Papel cartón, imprenta y publicaciones",102.5,57.16
2018,Asia,QAT,QA,Qatar,Confidencial,Confidencial,179893.95,508727.97
2018,Asia,KWT,KW,Kuwait,Productos Primarios,Cereales,5673599.91,31933160.96
2018,Asia,KWT,KW,Kuwait,Productos Primarios,Semillas y frutos oleaginosos,15770.65,22344
2018,Asia,KWT,KW,Kuwait,Confidencial,Confidencial,304492.56,49070.38
2018,Asia,LBN,LB,Líbano,Productos Primarios,Cereales,1765754.09,9683609.13
2018,Asia,LBN,LB,Líbano,Productos Primarios,Semillas y frutos oleaginosos,12352.13,16502.4
2018,Asia,LBN,LB,Líbano,Confidencial,Confidencial,38165401.99,90098482.75
2018,Asia,MYS,MY,Malasia,Productos Primarios,Cereales,47030765.47,263683550.1
2018,Asia,MYS,MY,Malasia,Manufacturas De Origen Agropecuario (M.O.A.),Residuos y desperdicios de la industria alimenticia,319454567.1,827830080
2018,Asia,MYS,MY,Malasia,Confidencial,Confidencial,20469718.53,32051740.5
2018,Asia,OMN,OM,Omán,Productos Primarios,Cereales,3404136.69,18532150
2018,Asia,OMN,OM,Omán,Manufacturas De Origen Agropecuario (M.O.A.),Residuos y desperdicios de la industria alimenticia,6872175,18313000
2018,Asia,OMN,OM,Omán,Confidencial,Confidencial,1931955.94,7550265.79
2018,Asia,NPL,NP,Nepal,Productos Primarios,Cereales,240108.83,527823.27
2018,Asia,NPL,NP,Nepal,Confidencial,Confidencial,267483.09,864120.6
2018,Asia,ARE,AE,Emiratos Arabes Unidos,Productos Primarios,Hortalizas y legumbres sin elaborar,185124.92,331000
2018,Asia,ARE,AE,Emiratos Arabes Unidos,Productos Primarios,Cereales,8327998.22,45523003.72
2018,Asia,ARE,AE,Emiratos Arabes Unidos,Productos Primarios,Semillas y frutos oleaginosos,38494.63,55290.24
2018,Asia,ARE,AE,Emiratos Arabes Unidos,Manufacturas De Origen Agropecuario (M.O.A.),Residuos y desperdicios de la industria alimenticia,30020412.86,78234220
2018,Asia,ARE,AE,Emiratos Arabes Unidos,Manufacturas De Origen Industrial (M.O.I.),Productos químicos y conexos,57278.96,1364.33
2018,Asia,ARE,AE,Emiratos Arabes Unidos,Manufacturas De Origen Industrial (M.O.I.),"Papel cartón, imprenta y publicaciones",1641.85,135.34
2018,Asia,ARE,AE,Emiratos Arabes Unidos,Manufacturas De Origen Industrial (M.O.I.),"Máquinas y aparatos, material eléctrico",216768.18,6880.92
2018,Asia,ARE,AE,Emiratos Arabes Unidos,Confidencial,Confidencial,2117554.66,535193.51
2018,Asia,PAK,PK,Paquistán,Productos Primarios,Hortalizas y legumbres sin elaborar,1917780.8,3216440
2018,Asia,PAK,PK,Paquistán,Productos Primarios,Cereales,77739.34,164494.4
2018,Asia,PAK,PK,Paquistán,Productos Primarios,Fibras de algodón,3345788.22,2164830.79
2018,Asia,PAK,PK,Paquistán,Manufacturas De Origen Agropecuario (M.O.A.),Grasas y aceites,15943165,24025000
2018,Asia,PAK,PK,Paquistán,Confidencial,Confidencial,257450.19,2381.64
2018,Asia,SGP,SG,Singapur,Confidencial,Confidencial,670211.06,1036283.96
2018,Asia,SYR,SY,Siria,Productos Primarios,Cereales,250075.78,512114.85
2018,Asia,THA,TH,Tailandia,Productos Primarios,Cereales,16055289.22,89322087.54
2018,Asia,THA,TH,Tailandia,Productos Primarios,Fibras de algodón,841081.57,532200.98
2018,Asia,THA,TH,Tailandia,Manufacturas De Origen Agropecuario (M.O.A.),Carnes,566305.08,233867
2018,Asia,THA,TH,Tailandia,Manufacturas De Origen Agropecuario (M.O.A.),Grasas y aceites,317516.62,783120
2018,Asia,THA,TH,Tailandia,Manufacturas De Origen Agropecuario (M.O.A.),Residuos y desperdicios de la industria alimenticia,104968285.5,282238000
2018,Asia,THA,TH,Tailandia,Manufacturas De Origen Industrial (M.O.I.),Productos químicos y conexos,963586.87,287537.63
2018,Asia,THA,TH,Tailandia,Manufacturas De Origen Industrial (M.O.I.),Materias plásticas y artificiales,13816.75,3600.97
2018,Asia,THA,TH,Tailandia,Confidencial,Confidencial,80439235.62,25458934.78
2018,Asia,VNM,VN,Vietnam,Productos Primarios,Cereales,97996313.29,566099562.1
2018,Asia,VNM,VN,Vietnam,Productos Primarios,Fibras de algodón,1692641.84,1062155.71
2018,Asia,VNM,VN,Vietnam,Manufacturas De Origen Agropecuario (M.O.A.),Otros productos de origen animal,962631.08,892895.25
2018,Asia,VNM,VN,Vietnam,Manufacturas De Origen Agropecuario (M.O.A.),Residuos y desperdicios de la industria alimenticia,617678312.8,1672020049
2018,Asia,VNM,VN,Vietnam,Manufacturas De Origen Agropecuario (M.O.A.),Pieles y cueros,6403094.3,3828374.08
2018,Asia,VNM,VN,Vietnam,Confidencial,Confidencial,2210753.89,1953958.55
2018,Asia,HKG,HK,Hong Kong,Manufacturas De Origen Agropecuario (M.O.A.),Carnes,17284326.12,5626864.47
2018,Asia,HKG,HK,Hong Kong,Manufacturas De Origen Agropecuario (M.O.A.),Otros productos de origen animal,1122860.27,833190.69
2018,Asia,HKG,HK,Hong Kong,Manufacturas De Origen Agropecuario (M.O.A.),Pieles y cueros,17228569,1738325.91
2018,Asia,HKG,HK,Hong Kong,Confidencial,Confidencial,3707605.39,4422352.94
2018,Asia,BGD,BD,Bangladesh,Productos Primarios,Cereales,10685206.54,61241812.87
2018,Asia,BGD,BD,Bangladesh,Productos Primarios,Semillas y frutos oleaginosos,47115.01,112423.76
2018,Asia,BGD,BD,Bangladesh,Manufacturas De Origen Agropecuario (M.O.A.),Grasas y aceites,250622725.7,366893393
2018,Asia,BGD,BD,Bangladesh,Confidencial,Confidencial,204926.53,188254.16
2018,Asia,YEM,YE,República de Yemen,Productos Primarios,Cereales,12747686.21,70624502.91
2018,Asia,YEM,YE,República de Yemen,Manufacturas De Origen Agropecuario (M.O.A.),Residuos y desperdicios de la industria alimenticia,65015790.63,159359315
2018,Asia,ARM,AM,Armenia,Productos Primarios,Cereales,12138.6,24195.6
2018,Asia,GEO,GE,Georgia,Confidencial,Confidencial,9295.16,20097.09
2018,Asia,KAZ,KZ,Kazajstán,Manufacturas De Origen Industrial (M.O.I.),"Máquinas y aparatos, material eléctrico",432402.22,21834.63
2018,Asia,KAZ,KZ,Kazajstán,Confidencial,Confidencial,12034.18,312.71
2018,Europa,ALB,AL,Albania,Productos Primarios,Cereales,20109.94,39078
2018,Europa,ALB,AL,Albania,Confidencial,Confidencial,1332.96,2016
2018,Europa,AUT,AT,Austria,Confidencial,Confidencial,896189.9,38939.95
2018,Europa,BEL,BE,Bélgica,Productos Primarios,Miel,1071580.1,422201.54
2018,Europa,BEL,BE,Bélgica,Productos Primarios,Cereales,263561.63,328921.84
2018,Europa,BEL,BE,Bélgica,Manufacturas De Origen Industrial (M.O.I.),Productos químicos y conexos,56070000,80000000
2018,Europa,BEL,BE,Bélgica,Confidencial,Confidencial,36731583.85,93679777.36
2018,Europa,BGR,BG,Bulgaria,Productos Primarios,Cereales,20604.55,41446.08
2018,Europa,BGR,BG,Bulgaria,Confidencial,Confidencial,494640.64,29262.01
2018,Europa,DNK,DK,Dinamarca,Productos Primarios,Miel,95747.64,36173.68
2018,Europa,DNK,DK,Dinamarca,Manufacturas De Origen Agropecuario (M.O.A.),Residuos y desperdicios de la industria alimenticia,177617381.6,463057630
2018,Europa,DNK,DK,Dinamarca,Confidencial,Confidencial,3564344.05,8062750.65
2018,Europa,ESP,ES,España,Productos Primarios,Miel,823665.82,333020.01
2018,Europa,ESP,ES,España,Productos Primarios,Hortalizas y legumbres sin elaborar,1585381.12,1733730
2018,Europa,ESP,ES,España,Productos Primarios,Cereales,613699.94,2491603.92
2018,Europa,ESP,ES,España,Productos Primarios,Semillas y frutos oleaginosos,682487.26,707883.18
2018,Europa,ESP,ES,España,Manufacturas De Origen Agropecuario (M.O.A.),Carnes,2760960.53,276391.79
2018,Europa,ESP,ES,España,Manufacturas De Origen Agropecuario (M.O.A.),Productos de molinería,181590.65,74988
2018,Europa,ESP,ES,España,Manufacturas De Origen Agropecuario (M.O.A.),Residuos y desperdicios de la industria alimenticia,386388382.9,1101610075
2018,Europa,ESP,ES,España,Manufacturas De Origen Industrial (M.O.I.),Productos químicos y conexos,8347542.26,3424807.59
2018,Europa,ESP,ES,España,Manufacturas De Origen Industrial (M.O.I.),Materias plásticas y artificiales,344916.19,31974.2
2018,Europa,ESP,ES,España,Manufacturas De Origen Industrial (M.O.I.),Cauchos y sus manufacturas,16969.38,963.46
2018,Europa,ESP,ES,España,Manufacturas De Origen Industrial (M.O.I.),"Papel cartón, imprenta y publicaciones",288.79,53.67
2018,Europa,ESP,ES,España,Manufacturas De Origen Industrial (M.O.I.),Metales comunes y sus manufacturas,470936.94,30558.97
2018,Europa,ESP,ES,España,Manufacturas De Origen Industrial (M.O.I.),"Máquinas y aparatos, material eléctrico",312347.67,24166.84
2018,Europa,ESP,ES,España,Manufacturas De Origen Industrial (M.O.I.),Otras MOI,293880.84,7722.85
2018,Europa,ESP,ES,España,Confidencial,Confidencial,30945164.87,101897482.7
2018,Europa,FRA,FR,Francia,Productos Primarios,Miel,717461.13,277409.71
2018,Europa,FRA,FR,Francia,Productos Primarios,Cereales,24984.11,43242.03
2018,Europa,FRA,FR,Francia,Productos Primarios,Semillas y frutos oleaginosos,134555.99,46768.92
2018,Europa,FRA,FR,Francia,Manufacturas De Origen Agropecuario (M.O.A.),Residuos y desperdicios de la industria alimenticia,26946529.12,76944080
2018,Europa,FRA,FR,Francia,Manufacturas De Origen Industrial (M.O.I.),"Máquinas y aparatos, material eléctrico",3266439.96,456941.82
2018,Europa,FRA,FR,Francia,Confidencial,Confidencial,2348743.52,1784816.39
2018,Europa,GRC,GR,Grecia,Productos Primarios,Cereales,118738.22,232640.46
2018,Europa,GRC,GR,Grecia,Manufacturas De Origen Agropecuario (M.O.A.),Residuos y desperdicios de la industria alimenticia,70790219.83,192547990
2018,Europa,GRC,GR,Grecia,Confidencial,Confidencial,13046.25,2094
2018,Europa,IRL,IE,Irlanda,Manufacturas De Origen Agropecuario (M.O.A.),Residuos y desperdicios de la industria alimenticia,145448752.1,484644704
2018,Europa,IRL,IE,Irlanda,Confidencial,Confidencial,2241247.92,10807092.65
2018,Europa,ITA,IT,Italia,Productos Primarios,Miel,880262.44,352993.3
2018,Europa,ITA,IT,Italia,Productos Primarios,Hortalizas y legumbres sin elaborar,1788221.09,3757490
2018,Europa,ITA,IT,Italia,Productos Primarios,Cereales,245153.65,435383.53
2018,Europa,ITA,IT,Italia,Productos Primarios,Semillas y frutos oleaginosos,25265.57,30485.76
2018,Europa,ITA,IT,Italia,Manufacturas De Origen Agropecuario (M.O.A.),Carnes,17317148.72,1847630.56
2018,Europa,ITA,IT,Italia,Manufacturas De Origen Agropecuario (M.O.A.),Residuos y desperdicios de la industria alimenticia,345597620.3,890723444.7
2018,Europa,ITA,IT,Italia,Manufacturas De Origen Agropecuario (M.O.A.),Pieles y cueros,6521708.93,1059776.12
2018,Europa,ITA,IT,Italia,Manufacturas De Origen Industrial (M.O.I.),Materias plásticas y artificiales,35347.96,2458.31
2018,Europa,ITA,IT,Italia,Manufacturas De Origen Industrial (M.O.I.),Metales comunes y sus manufacturas,1589.58,48.16
2018,Europa,ITA,IT,Italia,Manufacturas De Origen Industrial (M.O.I.),"Máquinas y aparatos, material eléctrico",3733848.28,49267.93
2018,Europa,ITA,IT,Italia,Manufacturas De Origen Industrial (M.O.I.),Otras MOI,9675.54,657.73
2018,Europa,ITA,IT,Italia,Confidencial,Confidencial,3452773.51,651713.04
2018,Europa,MLT,MT,Malta,Manufacturas De Origen Industrial (M.O.I.),Productos químicos y conexos,228331922.5,321909226
2018,Europa,NOR,NO,Noruega,Confidencial,Confidencial,16072.83,8075.56
2018,Europa,NLD,NL,Países Bajos,Productos Primarios,Miel,151142.08,55722.24
2018,Europa,NLD,NL,Países Bajos,Productos Primarios,Cereales,2905556.82,10889449.24
2018,Europa,NLD,NL,Países Bajos,Productos Primarios,Semillas y frutos oleaginosos,160,128
2018,Europa,NLD,NL,Países Bajos,Manufacturas De Origen Agropecuario (M.O.A.),Carnes,40952762.11,4075783.33
2018,Europa,NLD,NL,Países Bajos,Manufacturas De Origen Agropecuario (M.O.A.),Grasas y aceites,8852062.75,29657160
2018,Europa,NLD,NL,Países Bajos,Manufacturas De Origen Agropecuario (M.O.A.),Residuos y desperdicios de la industria alimenticia,67545625.12,238187850
2018,Europa,NLD,NL,Países Bajos,Manufacturas De Origen Industrial (M.O.I.),Productos químicos y conexos,405587019.3,615284291
2018,Europa,NLD,NL,Países Bajos,Manufacturas De Origen Industrial (M.O.I.),Metales comunes y sus manufacturas,12787.55,631.45
2018,Europa,NLD,NL,Países Bajos,Confidencial,Confidencial,29725185.36,87141685.41
2018,Europa,POL,PL,Polonia,Productos Primarios,Cereales,1241942.37,5337489.11
2018,Europa,POL,PL,Polonia,Manufacturas De Origen Agropecuario (M.O.A.),Residuos y desperdicios de la industria alimenticia,379332815.2,1024122218
2018,Europa,POL,PL,Polonia,Manufacturas De Origen Industrial (M.O.I.),Productos químicos y conexos,230593.27,5337.64
2018,Europa,POL,PL,Polonia,Manufacturas De Origen Industrial (M.O.I.),Material de transporte terrestre,133228.32,27085.29
2018,Europa,POL,PL,Polonia,Confidencial,Confidencial,1103507.37,195033.01
2018,Europa,PRT,PT,Portugal,Productos Primarios,Miel,66734.07,29678.8
2018,Europa,PRT,PT,Portugal,Productos Primarios,Cereales,24482.6,48438
2018,Europa,PRT,PT,Portugal,Manufacturas De Origen Agropecuario (M.O.A.),Carnes,1457466.35,147188.26
2018,Europa,PRT,PT,Portugal,Confidencial,Confidencial,507841.2,380760.29
2018,Europa,GBR,GB,Reino Unido,Productos Primarios,Miel,290894.34,121931.66
2018,Europa,GBR,GB,Reino Unido,Productos Primarios,Cereales,4079653.28,18895404.06
2018,Europa,GBR,GB,Reino Unido,Manufacturas De Origen Agropecuario (M.O.A.),Carnes,2777125,345499.04
2018,Europa,GBR,GB,Reino Unido,Manufacturas De Origen Agropecuario (M.O.A.),Productos de molinería,37562.86,11020.46
2018,Europa,GBR,GB,Reino Unido,Manufacturas De Origen Agropecuario (M.O.A.),Residuos y desperdicios de la industria alimenticia,282839446.8,823091445
2018,Europa,GBR,GB,Reino Unido,Manufacturas De Origen Industrial (M.O.I.),Productos químicos y conexos,393323.16,335763.5
2018,Europa,GBR,GB,Reino Unido,Manufacturas De Origen Industrial (M.O.I.),"Máquinas y aparatos, material eléctrico",6713930.09,223009.88
2018,Europa,GBR,GB,Reino Unido,Manufacturas De Origen Industrial (M.O.I.),Otras MOI,4181.41,20.62
2018,Europa,GBR,GB,Reino Unido,Confidencial,Confidencial,20538814.55,72011850.32
2018,Europa,ROU,RO,Rumania,Productos Primarios,Cereales,26843.84,53625.78
2018,Europa,ROU,RO,Rumania,Productos Primarios,Semillas y frutos oleaginosos,18950.71,7982.73
2018,Europa,ROU,RO,Rumania,Confidencial,Confidencial,11160857.04,26567201.19
2018,Europa,SWE,SE,Suecia,Confidencial,Confidencial,7778003.2,242675.54
2018,Europa,CHE,CH,Suiza,Productos Primarios,Miel,497806.71,196862.74
2018,Europa,CHE,CH,Suiza,Confidencial,Confidencial,3182611.92,83855.61
2018,Europa,CYP,CY,Chipre,Productos Primarios,Cereales,18645.58,36047.7
2018,Europa,CYP,CY,Chipre,Manufacturas De Origen Agropecuario (M.O.A.),Residuos y desperdicios de la industria alimenticia,13361589.77,33118000
2018,Europa,CYP,CY,Chipre,Confidencial,Confidencial,69068.38,12002.17
2018,Europa,TUR,TR,Turquía,Productos Primarios,Hortalizas y legumbres sin elaborar,895967.41,825320
2018,Europa,TUR,TR,Turquía,Productos Primarios,Cereales,1292845.44,5247152.1
2018,Europa,TUR,TR,Turquía,Productos Primarios,Semillas y frutos oleaginosos,116441.42,178771.2
2018,Europa,TUR,TR,Turquía,Productos Primarios,Fibras de algodón,1278857.86,825992.7
2018,Europa,TUR,TR,Turquía,Manufacturas De Origen Agropecuario (M.O.A.),Residuos y desperdicios de la industria alimenticia,231237684.2,601510981
2018,Europa,TUR,TR,Turquía,Confidencial,Confidencial,4768407.46,5245620.98
2018,Europa,DEU,DE,República Federal de Alemania,Productos Primarios,Miel,5197776.81,1916345.99
2018,Europa,DEU,DE,República Federal de Alemania,Productos Primarios,Cereales,46804.49,77805.25
2018,Europa,DEU,DE,República Federal de Alemania,Manufacturas De Origen Agropecuario (M.O.A.),Carnes,63042102.64,5982665.15
2018,Europa,DEU,DE,República Federal de Alemania,Manufacturas De Origen Agropecuario (M.O.A.),Pieles y cueros,2636147.09,156615.22
2018,Europa,DEU,DE,República Federal de Alemania,Manufacturas De Origen Industrial (M.O.I.),Productos químicos y conexos,3556469.14,4007878.43
2018,Europa,DEU,DE,República Federal de Alemania,Manufacturas De Origen Industrial (M.O.I.),Materias plásticas y artificiales,5784.59,65.3
2018,Europa,DEU,DE,República Federal de Alemania,Manufacturas De Origen Industrial (M.O.I.),Cauchos y sus manufacturas,70297.66,829.82
2018,Europa,DEU,DE,República Federal de Alemania,Manufacturas De Origen Industrial (M.O.I.),Metales comunes y sus manufacturas,1598661.55,248821.76
2018,Europa,DEU,DE,República Federal de Alemania,Manufacturas De Origen Industrial (M.O.I.),"Máquinas y aparatos, material eléctrico",27011088.11,999525.35
2018,Europa,DEU,DE,República Federal de Alemania,Manufacturas De Origen Industrial (M.O.I.),Otras MOI,1112.55,33.8
2018,Europa,DEU,DE,República Federal de Alemania,Confidencial,Confidencial,9769113.72,2252371.67
2018,Europa,BLR,BY,Bielorrusia,Manufacturas De Origen Agropecuario (M.O.A.),Residuos y desperdicios de la industria alimenticia,33442301.02,96038560
2018,Europa,BLR,BY,Bielorrusia,Confidencial,Confidencial,305699.3,69600
2018,Europa,LVA,LV,Letonia,Confidencial,Confidencial,37039943.34,99769304.42
2018,Europa,LTU,LT,Lituania,Manufacturas De Origen Agropecuario (M.O.A.),Residuos y desperdicios de la industria alimenticia,21942398.68,63640970
2018,Europa,LTU,LT,Lituania,Confidencial,Confidencial,178337.66,23848.48
2018,Europa,RUS,RU,Rusia,Productos Primarios,Hortalizas y legumbres sin elaborar,533420.17,1420360
2018,Europa,RUS,RU,Rusia,Manufacturas De Origen Agropecuario (M.O.A.),Carnes,52101193.01,18106541.75
2018,Europa,RUS,RU,Rusia,Manufacturas De Origen Agropecuario (M.O.A.),Productos lácteos,51586026.76,12333441.97
2018,Europa,RUS,RU,Rusia,Manufacturas De Origen Industrial (M.O.I.),Productos químicos y conexos,256478.88,20357.05
2018,Europa,RUS,RU,Rusia,Manufacturas De Origen Industrial (M.O.I.),Materias plásticas y artificiales,6116.5,135.24
2018,Europa,RUS,RU,Rusia,Manufacturas De Origen Industrial (M.O.I.),Cauchos y sus manufacturas,6913.76,215.09
2018,Europa,RUS,RU,Rusia,Manufacturas De Origen Industrial (M.O.I.),Metales comunes y sus manufacturas,15556.1,937.98
2018,Europa,RUS,RU,Rusia,Manufacturas De Origen Industrial (M.O.I.),"Máquinas y aparatos, material eléctrico",1726984.86,168207.71
2018,Europa,RUS,RU,Rusia,Manufacturas De Origen Industrial (M.O.I.),Material de transporte terrestre,11376.66,240.38
2018,Europa,RUS,RU,Rusia,Manufacturas De Origen Industrial (M.O.I.),Otras MOI,4381.67,201.06
2018,Europa,RUS,RU,Rusia,Confidencial,Confidencial,21726063.43,22112160.83
2018,Europa,UKR,UA,Ucrania,Manufacturas De Origen Industrial (M.O.I.),Metales comunes y sus manufacturas,739.14,28.34
2018,Europa,UKR,UA,Ucrania,Manufacturas De Origen Industrial (M.O.I.),"Máquinas y aparatos, material eléctrico",464215.68,25474.76
2018,Europa,UKR,UA,Ucrania,Confidencial,Confidencial,262704.32,87140.62
2018,Europa,BIH,BA,Bosnia Herzegovina,Productos Primarios,Cereales,27671.44,53586
2018,Europa,HRV,HR,Croacia,Productos Primarios,Cereales,20170.52,38434.5
2018,Europa,HRV,HR,Croacia,Confidencial,Confidencial,5840.99,2835.98
2018,Europa,SVN,SI,Eslovenia,Confidencial,Confidencial,1497.79,2925
2018,Europa,MKD,MK,Macedonia,Productos Primarios,Cereales,32449.13,62127
2018,Europa,CZE,CZ,República Checa,Productos Primarios,Miel,37253.02,14517.27
2018,Europa,CZE,CZ,República Checa,Confidencial,Confidencial,1683518.34,473898.14
2018,Europa,MNE,ME,Montenegro,Confidencial,Confidencial,6079.32,11934
2018,Europa,SRB,RS,Serbia,Confidencial,Confidencial,23276.62,383.07
2018,Oceanía,AUS,AU,Australia,Productos Primarios,Miel,119523.81,43482.6
2018,Oceanía,AUS,AU,Australia,Manufacturas De Origen Agropecuario (M.O.A.),Residuos y desperdicios de la industria alimenticia,220335174,599682040
2018,Oceanía,AUS,AU,Australia,Manufacturas De Origen Agropecuario (M.O.A.),Pieles y cueros,6761816.8,394301.79
2018,Oceanía,AUS,AU,Australia,Manufacturas De Origen Industrial (M.O.I.),Metales comunes y sus manufacturas,70841.33,3065.39
2018,Oceanía,AUS,AU,Australia,Manufacturas De Origen Industrial (M.O.I.),"Máquinas y aparatos, material eléctrico",1340814.51,76221.89
2018,Oceanía,AUS,AU,Australia,Manufacturas De Origen Industrial (M.O.I.),Otras MOI,158713.68,2503.31
2018,Oceanía,AUS,AU,Australia,Confidencial,Confidencial,5761513.18,10939032.64
2018,Oceanía,NZL,NZ,Nueva Zelanda,Manufacturas De Origen Agropecuario (M.O.A.),Residuos y desperdicios de la industria alimenticia,6264400.7,44130000
2018,Oceanía,NZL,NZ,Nueva Zelanda,Confidencial,Confidencial,19125592.1,49556892.3
2018,DESCONOCIDO,,,DESCONOCIDO,DESCONOCIDO,DESCONOCIDO,46794089.82,47217863.86